PRAGMA foreign_keys = on;

INSERT INTO PERSON (UP, EMAIL, NAME, PASSWORD,ROLE) VALUES (202108793, 'up202108793@fe.up.pt', 'Francisco', 'SouLindo','Admin');
INSERT INTO PERSON (UP, EMAIL, NAME, PASSWORD) VALUES (202108794, 'up202108794@fe.up.pt', 'Jose', 'SouLindo');

INSERT INTO TICKET (ID, TITLE, PROBLEM, CLIENT_ID) VALUES (0, 'Big upsi', 'I made a big upsi', 202108793);
INSERT INTO TICKET (ID, TITLE, PROBLEM, CLIENT_ID) VALUES (1, 'Bigger upsi', 'I made a bigger upsi', 202108794);
INSERT INTO TICKET (ID, TITLE, PROBLEM, CLIENT_ID,STATUS) VALUES (3, 'Not so Big upsi', 'I made a big upsi', 202108794,'CLOSED');
INSERT INTO TICKET (ID, TITLE, PROBLEM, CLIENT_ID,STATUS) VALUES (4, 'neither Bigger upsi', 'I made a bigger upsi', 202108793,'CLOSED');
INSERT INTO TICKET_MESSAGE(TEXT,TICKET_ID,PERSON_ID) VALUES ('It sure seam big',0,202108794);
INSERT INTO TICKET_MESSAGE(TEXT,TICKET_ID,PERSON_ID) VALUES ('ya it us',0,202108793);
INSERT INTO TICKET_MESSAGE(TEXT,TICKET_ID,PERSON_ID) VALUES ('It sure seam big',0,202108794);
INSERT INTO TICKET_MESSAGE(TEXT,TICKET_ID,PERSON_ID) VALUES ('ya it us',0,202108793);
INSERT INTO TICKET_MESSAGE(TEXT,TICKET_ID,PERSON_ID) VALUES ('It sure seam big',0,202108794);
INSERT INTO TICKET_MESSAGE(TEXT,TICKET_ID,PERSON_ID) VALUES ('ya it us',0,202108793);

INSERT INTO DEPARTMENT (NAME) values ('CICA');
INSERT INTO DEPARTMENT (NAME) values ('SA');

INSERT INTO WORKS_IN(DEPARTMENT_,CLIENT_ID) values ('CICA',202108793);
INSERT INTO WORKS_IN(DEPARTMENT_,CLIENT_ID) values ('SA',202108793);
INSERT INTO ASSIGN(UP,TICKET_ID) values (202108793,0);
INSERT INTO ASSIGN(UP,TICKET_ID) values (202108793,1);
INSERT INTO ASSIGN(UP,TICKET_ID) values (202108793,3);
INSERT INTO ASSIGN(UP,TICKET_ID) values (202108793,4);
