PRAGMA foreign_keys = on;
INSERT INTO STATUS(NAME) values ('OPEN');
INSERT INTO STATUS(NAME) values ('ASSIGNED');
INSERT INTO STATUS(NAME) values ('PENDING');
INSERT INTO STATUS(NAME) values ('CLOSED');
INSERT INTO PERSON (UP, EMAIL, NAME, PASSWORD,ROLE) VALUES (202108793, 'up202108793@fe.up.pt', 'Francisco', '$2y$13$YiExT8TFGo68ejGfkiDfqeDa1z3381hyUhCFAIP8f07aJBu7dg0gi','Admin');
INSERT INTO PERSON (UP, EMAIL, NAME, PASSWORD,ROLE) VALUES (202108794, 'up202108794@fe.up.pt', 'Jose', '$2y$13$YiExT8TFGo68ejGfkiDfqeDa1z3381hyUhCFAIP8f07aJBu7dg0gi','Staff');
INSERT INTO PERSON (UP, EMAIL, NAME, PASSWORD, ROLE) VALUES (202108795, 'up202108795@fe.up.pt', 'Ana', 'div$2y$13$YiExT8TFGo68ejGfkiDfqeDa1z3381hyUhCFAIP8f07aJBu7dg0gi', 'Student');
INSERT INTO PERSON (UP, EMAIL, NAME, PASSWORD, ROLE) VALUES (202108796, 'up202108796@fe.up.pt', 'Carlos', 'div$2y$13$YiExT8TFGo68ejGfkiDfqeDa1z3381hyUhCFAIP8f07aJBu7dg0gi', 'Admin');
INSERT INTO PERSON (UP, EMAIL, NAME, PASSWORD, ROLE) VALUES (202108797, 'up202108797@fe.up.pt', 'Maria', 'div$2y$13$YiExT8TFGo68ejGfkiDfqeDa1z3381hyUhCFAIP8f07aJBu7dg0gi', 'Staff');
INSERT INTO PERSON (UP, EMAIL, NAME, PASSWORD, ROLE) VALUES (202108798, 'up202108798@fe.up.pt', 'Rui', 'div$2y$13$YiExT8TFGo68ejGfkiDfqeDa1z3381hyUhCFAIP8f07aJBu7dg0gi', 'Student');
INSERT INTO PERSON (UP, EMAIL, NAME, PASSWORD, ROLE) VALUES (202108799, 'up202108799@fe.up.pt', 'Sofia', 'div$2y$13$YiExT8TFGo68ejGfkiDfqeDa1z3381hyUhCFAIP8f07aJBu7dg0gi', 'Admin');
INSERT INTO PERSON (UP, EMAIL, NAME, PASSWORD, ROLE) VALUES (202108800, 'up202108800@fe.up.pt', 'Miguel', 'div$2y$13$YiExT8TFGo68ejGfkiDfqeDa1z3381hyUhCFAIP8f07aJBu7dg0gi', 'Staff');
INSERT INTO PERSON (UP, EMAIL, NAME, PASSWORD, ROLE) VALUES (202108801, 'up202108801@fe.up.pt', 'Ana', 'div$2y$13$YiExT8TFGo68ejGfkiDfqeDa1z3381hyUhCFAIP8f07aJBu7dg0gi', 'Student');
INSERT INTO PERSON (UP, EMAIL, NAME, PASSWORD, ROLE) VALUES (202108802, 'up202108802@fe.up.pt', 'João', 'div$2y$13$YiExT8TFGo68ejGfkiDfqeDa1z3381hyUhCFAIP8f07aJBu7dg0gi', 'Admin');
INSERT INTO PERSON (UP, EMAIL, NAME, PASSWORD, ROLE) VALUES (202108803, 'up202108803@fe.up.pt', 'Carolina', 'div$2y$13$YiExT8TFGo68ejGfkiDfqeDa1z3381hyUhCFAIP8f07aJBu7dg0gi', 'Staff');
INSERT INTO PERSON (UP, EMAIL, NAME, PASSWORD, ROLE) VALUES (202108804, 'up202108804@fe.up.pt', 'Pedro', 'div$2y$13$YiExT8TFGo68ejGfkiDfqeDa1z3381hyUhCFAIP8f07aJBu7dg0gi', 'Student');
INSERT INTO DEPARTMENT (NAME) values ('CICA');
INSERT INTO DEPARTMENT (NAME) values ('DEI');
INSERT INTO DEPARTMENT (NAME) values ('DEE');
INSERT INTO DEPARTMENT (NAME) values ('DEC');
INSERT INTO DEPARTMENT (NAME) values ('DEQ');
INSERT INTO TICKET (ID, TITLE, PROBLEM, CLIENT_ID,DEPARTMENT) VALUES (0, 'Big upsi', 'I made a big upsi', 202108793,'CICA');
INSERT INTO TICKET (ID, TITLE, PROBLEM, CLIENT_ID,DEPARTMENT) VALUES (1, 'Bigger upsi', 'I made a bigger upsi', 202108794,'CICA');
INSERT INTO TICKET (ID, TITLE, PROBLEM, CLIENT_ID,STATUS,DEPARTMENT) VALUES (3, 'Not so Big upsi', 'I made a big upsi', 202108794,'CLOSED','DEI');
INSERT INTO TICKET (ID, TITLE, PROBLEM, CLIENT_ID,STATUS,DEPARTMENT) VALUES (4, 'neither Bigger upsi', 'I made a bigger upsi', 202108793,'CLOSED','DEE');
INSERT INTO TICKET_MESSAGE(TEXT,TICKET_ID,PERSON_ID) VALUES ('It sure seam big',0,202108794);
INSERT INTO TICKET_MESSAGE(TEXT,TICKET_ID,PERSON_ID) VALUES ('ya it us',0,202108793);
INSERT INTO TICKET_MESSAGE(TEXT,TICKET_ID,PERSON_ID) VALUES ('It sure seam big',0,202108794);
INSERT INTO TICKET_MESSAGE(TEXT,TICKET_ID,PERSON_ID) VALUES ('ya it us',0,202108793);
INSERT INTO EVENT(DESCRIPTION,TICKET_ID,CLIENT_ID) VALUES ('ya it us',0,202108793);
INSERT INTO TICKET_MESSAGE(TEXT,TICKET_ID,PERSON_ID) VALUES ('It sure seam big',0,202108794);
INSERT INTO TICKET_MESSAGE(TEXT,TICKET_ID,PERSON_ID) VALUES ('ya it us',0,202108793);
INSERT INTO WORKS_IN(DEPARTMENT_,CLIENT_ID) values ('CICA',202108793);
INSERT INTO WORKS_IN(DEPARTMENT_,CLIENT_ID) values ('DEI',202108793);
INSERT INTO ASSIGN(UP,TICKET_ID) values (202108793,0);
INSERT INTO ASSIGN(UP,TICKET_ID) values (202108793,1);
INSERT INTO ASSIGN(UP,TICKET_ID) values (202108793,3);
INSERT INTO ASSIGN(UP,TICKET_ID) values (202108793,4);
